setting,classifier,rate
"[('frontal', 'husiq'), ('frontal', 'hututu')]",KNN_euclidean,47.58
"[('frontal', 'husiq'), ('frontal', 'hu1980')]",KNN_euclidean,48.19
"[('frontal', 'husiq'), ('frontal', 'legendre')]",DMC_manhattam,59.38
"[('frontal', 'husiq'), ('frontal', 'chebyshev')]",DMC_manhattam,59.88
"[('frontal', 'husiq'), ('frontal', 'zernike')]",DMC_manhattam,54.11
"[('frontal', 'husiq'), ('radial', 'husiq')]",DMC_manhattam,56.84
"[('frontal', 'husiq'), ('radial', 'hututu')]",DMC_manhattam,57.38
"[('frontal', 'husiq'), ('radial', 'hu1980')]",DMC_manhattam,51.42
"[('frontal', 'husiq'), ('radial', 'legendre')]",DMC_manhattam,62.45
"[('frontal', 'husiq'), ('radial', 'chebyshev')]",DMC_manhattam,62.49
"[('frontal', 'husiq'), ('radial', 'zernike')]",DMC_manhattam,62.99
"[('frontal', 'husiq'), ('sagittal', 'husiq')]",KNN_euclidean,49.39
"[('frontal', 'husiq'), ('sagittal', 'hututu')]",DMC_manhattam,47.69
"[('frontal', 'husiq'), ('sagittal', 'hu1980')]",KNN_euclidean,51.23
"[('frontal', 'husiq'), ('sagittal', 'legendre')]",KNN_euclidean,57.07
"[('frontal', 'husiq'), ('sagittal', 'chebyshev')]",DMC_manhattam,53.92
"[('frontal', 'husiq'), ('sagittal', 'zernike')]",MLP,56.57
"[('frontal', 'husiq'), ('transversal', 'husiq')]",KNN_euclidean,56.65
"[('frontal', 'husiq'), ('transversal', 'hututu')]",DMC_manhattam,58.19
"[('frontal', 'husiq'), ('transversal', 'hu1980')]",DMC_manhattam,50.73
"[('frontal', 'husiq'), ('transversal', 'legendre')]",DMC_manhattam,62.91
"[('frontal', 'husiq'), ('transversal', 'chebyshev')]",DMC_manhattam,58.76
"[('frontal', 'husiq'), ('transversal', 'zernike')]",KNN_euclidean,57.84
"[('frontal', 'husiq'), ('whole', 'husiq')]",KNN_euclidean,50.19
"[('frontal', 'husiq'), ('whole', 'hututu')]",DMC_manhattam,50.08
"[('frontal', 'husiq'), ('whole', 'hu1980')]",KNN_euclidean,48.65
"[('frontal', 'husiq'), ('whole', 'legendre')]",KNN_euclidean,55.92
"[('frontal', 'husiq'), ('whole', 'chebyshev')]",KNN_euclidean,54.65
"[('frontal', 'husiq'), ('whole', 'zernike')]",KNN_euclidean,59.45
"[('frontal', 'husiq'), ('upper', 'husiq')]",DMC_manhattam,49.92
"[('frontal', 'husiq'), ('upper', 'hututu')]",DMC_manhattam,52.23
"[('frontal', 'husiq'), ('upper', 'hu1980')]",DMC_manhattam,48.42
"[('frontal', 'husiq'), ('upper', 'legendre')]",DMC_manhattam,54.07
"[('frontal', 'husiq'), ('upper', 'chebyshev')]",DMC_manhattam,51.77
"[('frontal', 'husiq'), ('upper', 'zernike')]",DMC_manhattam,62.57
"[('frontal', 'husiq'), ('lower', 'husiq')]",KNN_euclidean,47.39
"[('frontal', 'husiq'), ('lower', 'hututu')]",DMC_manhattam,47.5
"[('frontal', 'husiq'), ('lower', 'hu1980')]",DMC_manhattam,48.31
"[('frontal', 'husiq'), ('lower', 'legendre')]",DMC_manhattam,48.42
"[('frontal', 'husiq'), ('lower', 'chebyshev')]",DMC_manhattam,50.85
"[('frontal', 'husiq'), ('lower', 'zernike')]",DMC_manhattam,55.11
"[('frontal', 'hututu'), ('frontal', 'hu1980')]",DMC_manhattam,47.96
"[('frontal', 'hututu'), ('frontal', 'legendre')]",DMC_manhattam,58.19
"[('frontal', 'hututu'), ('frontal', 'chebyshev')]",DMC_manhattam,58.19
"[('frontal', 'hututu'), ('frontal', 'zernike')]",DMC_manhattam,53.61
"[('frontal', 'hututu'), ('radial', 'husiq')]",DMC_manhattam,56.34
"[('frontal', 'hututu'), ('radial', 'hututu')]",DMC_manhattam,57.15
"[('frontal', 'hututu'), ('radial', 'hu1980')]",KNN_euclidean,49.65
"[('frontal', 'hututu'), ('radial', 'legendre')]",DMC_manhattam,61.99
"[('frontal', 'hututu'), ('radial', 'chebyshev')]",DMC_manhattam,61.34
"[('frontal', 'hututu'), ('radial', 'zernike')]",DMC_manhattam,63.8
"[('frontal', 'hututu'), ('sagittal', 'husiq')]",DMC_manhattam,50.04
"[('frontal', 'hututu'), ('sagittal', 'hututu')]",DMC_manhattam,49.27
"[('frontal', 'hututu'), ('sagittal', 'hu1980')]",DMC_manhattam,49.65
"[('frontal', 'hututu'), ('sagittal', 'legendre')]",KNN_euclidean,56.0
"[('frontal', 'hututu'), ('sagittal', 'chebyshev')]",KNN_euclidean,54.5
"[('frontal', 'hututu'), ('sagittal', 'zernike')]",MLP,58.07
"[('frontal', 'hututu'), ('transversal', 'husiq')]",DMC_manhattam,55.96
"[('frontal', 'hututu'), ('transversal', 'hututu')]",DMC_manhattam,58.3
"[('frontal', 'hututu'), ('transversal', 'hu1980')]",KNN_euclidean,48.42
"[('frontal', 'hututu'), ('transversal', 'legendre')]",DMC_manhattam,61.38
"[('frontal', 'hututu'), ('transversal', 'chebyshev')]",DMC_manhattam,58.19
"[('frontal', 'hututu'), ('transversal', 'zernike')]",KNN_euclidean,57.99
"[('frontal', 'hututu'), ('whole', 'husiq')]",DMC_manhattam,48.96
"[('frontal', 'hututu'), ('whole', 'hututu')]",DMC_manhattam,50.35
"[('frontal', 'hututu'), ('whole', 'hu1980')]",DMC_manhattam,46.85
"[('frontal', 'hututu'), ('whole', 'legendre')]",DMC_manhattam,53.38
"[('frontal', 'hututu'), ('whole', 'chebyshev')]",KNN_euclidean,52.0
"[('frontal', 'hututu'), ('whole', 'zernike')]",KNN_euclidean,57.38
"[('frontal', 'hututu'), ('upper', 'husiq')]",DMC_manhattam,47.19
"[('frontal', 'hututu'), ('upper', 'hututu')]",DMC_manhattam,51.38
"[('frontal', 'hututu'), ('upper', 'hu1980')]",DMC_manhattam,46.04
"[('frontal', 'hututu'), ('upper', 'legendre')]",DMC_manhattam,52.04
"[('frontal', 'hututu'), ('upper', 'chebyshev')]",DMC_manhattam,51.69
"[('frontal', 'hututu'), ('upper', 'zernike')]",DMC_manhattam,60.49
"[('frontal', 'hututu'), ('lower', 'husiq')]",DMC_manhattam,46.77
"[('frontal', 'hututu'), ('lower', 'hututu')]",DMC_manhattam,47.43
"[('frontal', 'hututu'), ('lower', 'hu1980')]",KNN_euclidean,46.04
"[('frontal', 'hututu'), ('lower', 'legendre')]",DMC_manhattam,47.46
"[('frontal', 'hututu'), ('lower', 'chebyshev')]",DMC_manhattam,49.42
"[('frontal', 'hututu'), ('lower', 'zernike')]",DMC_manhattam,55.53
"[('frontal', 'hu1980'), ('frontal', 'legendre')]",DMC_manhattam,58.69
"[('frontal', 'hu1980'), ('frontal', 'chebyshev')]",DMC_manhattam,58.3
"[('frontal', 'hu1980'), ('frontal', 'zernike')]",DMC_manhattam,53.0
"[('frontal', 'hu1980'), ('radial', 'husiq')]",DMC_manhattam,49.85
"[('frontal', 'hu1980'), ('radial', 'hututu')]",DMC_manhattam,49.85
"[('frontal', 'hu1980'), ('radial', 'hu1980')]",KNN_euclidean,39.32
"[('frontal', 'hu1980'), ('radial', 'legendre')]",DMC_manhattam,60.38
"[('frontal', 'hu1980'), ('radial', 'chebyshev')]",DMC_manhattam,59.42
"[('frontal', 'hu1980'), ('radial', 'zernike')]",DMC_manhattam,58.8
"[('frontal', 'hu1980'), ('sagittal', 'husiq')]",DMC_manhattam,38.74
"[('frontal', 'hu1980'), ('sagittal', 'hututu')]",DMC_manhattam,36.36
"[('frontal', 'hu1980'), ('sagittal', 'hu1980')]",KNN_euclidean,36.63
"[('frontal', 'hu1980'), ('sagittal', 'legendre')]",KNN_euclidean,53.65
"[('frontal', 'hu1980'), ('sagittal', 'chebyshev')]",KNN_euclidean,49.04
"[('frontal', 'hu1980'), ('sagittal', 'zernike')]",MLP,53.23
"[('frontal', 'hu1980'), ('transversal', 'husiq')]",DMC_manhattam,51.73
"[('frontal', 'hu1980'), ('transversal', 'hututu')]",DMC_manhattam,52.65
"[('frontal', 'hu1980'), ('transversal', 'hu1980')]",KNN_euclidean,39.16
"[('frontal', 'hu1980'), ('transversal', 'legendre')]",DMC_manhattam,61.03
"[('frontal', 'hu1980'), ('transversal', 'chebyshev')]",DMC_manhattam,54.77
"[('frontal', 'hu1980'), ('transversal', 'zernike')]",DMC_manhattam,54.11
"[('frontal', 'hu1980'), ('whole', 'husiq')]",KNN_euclidean,38.05
"[('frontal', 'hu1980'), ('whole', 'hututu')]",KNN_euclidean,38.47
"[('frontal', 'hu1980'), ('whole', 'hu1980')]",KNN_euclidean,33.24
"[('frontal', 'hu1980'), ('whole', 'legendre')]",DMC_manhattam,53.38
"[('frontal', 'hu1980'), ('whole', 'chebyshev')]",KNN_euclidean,48.12
"[('frontal', 'hu1980'), ('whole', 'zernike')]",KNN_euclidean,56.0
"[('frontal', 'hu1980'), ('upper', 'husiq')]",KNN_euclidean,36.89
"[('frontal', 'hu1980'), ('upper', 'hututu')]",DMC_manhattam,40.74
"[('frontal', 'hu1980'), ('upper', 'hu1980')]",KNN_euclidean,33.55
"[('frontal', 'hu1980'), ('upper', 'legendre')]",DMC_manhattam,47.35
"[('frontal', 'hu1980'), ('upper', 'chebyshev')]",DMC_manhattam,44.31
"[('frontal', 'hu1980'), ('upper', 'zernike')]",KNN_euclidean,54.38
"[('frontal', 'hu1980'), ('lower', 'husiq')]",KNN_euclidean,35.05
"[('frontal', 'hu1980'), ('lower', 'hututu')]",DMC_manhattam,35.51
"[('frontal', 'hu1980'), ('lower', 'hu1980')]",KNN_euclidean,32.97
"[('frontal', 'hu1980'), ('lower', 'legendre')]",DMC_manhattam,38.09
"[('frontal', 'hu1980'), ('lower', 'chebyshev')]",DMC_manhattam,39.2
"[('frontal', 'hu1980'), ('lower', 'zernike')]",DMC_manhattam,42.97
"[('frontal', 'legendre'), ('frontal', 'chebyshev')]",DMC_manhattam,58.3
"[('frontal', 'legendre'), ('frontal', 'zernike')]",DMC_manhattam,57.42
"[('frontal', 'legendre'), ('radial', 'husiq')]",DMC_manhattam,64.45
"[('frontal', 'legendre'), ('radial', 'hututu')]",DMC_manhattam,64.03
"[('frontal', 'legendre'), ('radial', 'hu1980')]",DMC_manhattam,60.76
"[('frontal', 'legendre'), ('radial', 'legendre')]",DMC_manhattam,65.07
"[('frontal', 'legendre'), ('radial', 'chebyshev')]",DMC_manhattam,65.37
"[('frontal', 'legendre'), ('radial', 'zernike')]",DMC_manhattam,67.91
"[('frontal', 'legendre'), ('sagittal', 'husiq')]",DMC_manhattam,58.99
"[('frontal', 'legendre'), ('sagittal', 'hututu')]",DMC_manhattam,58.11
"[('frontal', 'legendre'), ('sagittal', 'hu1980')]",DMC_manhattam,59.8
"[('frontal', 'legendre'), ('sagittal', 'legendre')]",KNN_euclidean,60.88
"[('frontal', 'legendre'), ('sagittal', 'chebyshev')]",KNN_euclidean,59.34
"[('frontal', 'legendre'), ('sagittal', 'zernike')]",MLP,59.42
"[('frontal', 'legendre'), ('transversal', 'husiq')]",DMC_manhattam,63.95
"[('frontal', 'legendre'), ('transversal', 'hututu')]",DMC_manhattam,64.22
"[('frontal', 'legendre'), ('transversal', 'hu1980')]",DMC_manhattam,59.95
"[('frontal', 'legendre'), ('transversal', 'legendre')]",DMC_manhattam,65.53
"[('frontal', 'legendre'), ('transversal', 'chebyshev')]",DMC_manhattam,63.64
"[('frontal', 'legendre'), ('transversal', 'zernike')]",DMC_manhattam,63.26
"[('frontal', 'legendre'), ('whole', 'husiq')]",DMC_manhattam,60.26
"[('frontal', 'legendre'), ('whole', 'hututu')]",DMC_manhattam,60.11
"[('frontal', 'legendre'), ('whole', 'hu1980')]",DMC_manhattam,57.88
"[('frontal', 'legendre'), ('whole', 'legendre')]",DMC_manhattam,59.8
"[('frontal', 'legendre'), ('whole', 'chebyshev')]",DMC_manhattam,59.34
"[('frontal', 'legendre'), ('whole', 'zernike')]",DMC_manhattam,63.72
"[('frontal', 'legendre'), ('upper', 'husiq')]",DMC_manhattam,59.57
"[('frontal', 'legendre'), ('upper', 'hututu')]",DMC_manhattam,61.72
"[('frontal', 'legendre'), ('upper', 'hu1980')]",DMC_manhattam,57.8
"[('frontal', 'legendre'), ('upper', 'legendre')]",DMC_manhattam,60.26
"[('frontal', 'legendre'), ('upper', 'chebyshev')]",DMC_manhattam,59.65
"[('frontal', 'legendre'), ('upper', 'zernike')]",DMC_manhattam,68.02
"[('frontal', 'legendre'), ('lower', 'husiq')]",DMC_manhattam,57.34
"[('frontal', 'legendre'), ('lower', 'hututu')]",DMC_manhattam,56.99
"[('frontal', 'legendre'), ('lower', 'hu1980')]",DMC_manhattam,57.53
"[('frontal', 'legendre'), ('lower', 'legendre')]",DMC_manhattam,55.88
"[('frontal', 'legendre'), ('lower', 'chebyshev')]",DMC_manhattam,57.07
"[('frontal', 'legendre'), ('lower', 'zernike')]",DMC_manhattam,62.11
"[('frontal', 'chebyshev'), ('frontal', 'zernike')]",DMC_manhattam,58.03
"[('frontal', 'chebyshev'), ('radial', 'husiq')]",DMC_manhattam,63.07
"[('frontal', 'chebyshev'), ('radial', 'hututu')]",DMC_manhattam,62.84
"[('frontal', 'chebyshev'), ('radial', 'hu1980')]",DMC_manhattam,59.07
"[('frontal', 'chebyshev'), ('radial', 'legendre')]",DMC_manhattam,65.22
"[('frontal', 'chebyshev'), ('radial', 'chebyshev')]",DMC_manhattam,64.57
"[('frontal', 'chebyshev'), ('radial', 'zernike')]",DMC_manhattam,67.95
"[('frontal', 'chebyshev'), ('sagittal', 'husiq')]",DMC_manhattam,57.84
"[('frontal', 'chebyshev'), ('sagittal', 'hututu')]",DMC_manhattam,56.61
"[('frontal', 'chebyshev'), ('sagittal', 'hu1980')]",DMC_manhattam,57.53
"[('frontal', 'chebyshev'), ('sagittal', 'legendre')]",KNN_euclidean,60.57
"[('frontal', 'chebyshev'), ('sagittal', 'chebyshev')]",DMC_manhattam,57.19
"[('frontal', 'chebyshev'), ('sagittal', 'zernike')]",MLP,59.42
"[('frontal', 'chebyshev'), ('transversal', 'husiq')]",DMC_manhattam,63.8
"[('frontal', 'chebyshev'), ('transversal', 'hututu')]",DMC_manhattam,64.87
"[('frontal', 'chebyshev'), ('transversal', 'hu1980')]",DMC_manhattam,59.03
"[('frontal', 'chebyshev'), ('transversal', 'legendre')]",DMC_manhattam,66.49
"[('frontal', 'chebyshev'), ('transversal', 'chebyshev')]",DMC_manhattam,61.84
"[('frontal', 'chebyshev'), ('transversal', 'zernike')]",DMC_manhattam,62.41
"[('frontal', 'chebyshev'), ('whole', 'husiq')]",DMC_manhattam,58.65
"[('frontal', 'chebyshev'), ('whole', 'hututu')]",DMC_manhattam,58.38
"[('frontal', 'chebyshev'), ('whole', 'hu1980')]",DMC_manhattam,56.99
"[('frontal', 'chebyshev'), ('whole', 'legendre')]",DMC_manhattam,59.68
"[('frontal', 'chebyshev'), ('whole', 'chebyshev')]",DMC_manhattam,57.38
"[('frontal', 'chebyshev'), ('whole', 'zernike')]",DMC_manhattam,63.6
"[('frontal', 'chebyshev'), ('upper', 'husiq')]",DMC_manhattam,58.72
"[('frontal', 'chebyshev'), ('upper', 'hututu')]",DMC_manhattam,60.91
"[('frontal', 'chebyshev'), ('upper', 'hu1980')]",DMC_manhattam,56.57
"[('frontal', 'chebyshev'), ('upper', 'legendre')]",DMC_manhattam,59.84
"[('frontal', 'chebyshev'), ('upper', 'chebyshev')]",DMC_manhattam,57.92
"[('frontal', 'chebyshev'), ('upper', 'zernike')]",DMC_manhattam,67.26
"[('frontal', 'chebyshev'), ('lower', 'husiq')]",DMC_manhattam,56.26
"[('frontal', 'chebyshev'), ('lower', 'hututu')]",DMC_manhattam,56.0
"[('frontal', 'chebyshev'), ('lower', 'hu1980')]",DMC_manhattam,56.84
"[('frontal', 'chebyshev'), ('lower', 'legendre')]",DMC_manhattam,54.15
"[('frontal', 'chebyshev'), ('lower', 'chebyshev')]",KNN_manhattam,55.42
"[('frontal', 'chebyshev'), ('lower', 'zernike')]",DMC_manhattam,60.99
"[('frontal', 'zernike'), ('radial', 'husiq')]",DMC_manhattam,56.99
"[('frontal', 'zernike'), ('radial', 'hututu')]",DMC_manhattam,58.22
"[('frontal', 'zernike'), ('radial', 'hu1980')]",DMC_manhattam,53.73
"[('frontal', 'zernike'), ('radial', 'legendre')]",DMC_manhattam,60.42
"[('frontal', 'zernike'), ('radial', 'chebyshev')]",DMC_manhattam,61.53
"[('frontal', 'zernike'), ('radial', 'zernike')]",DMC_manhattam,63.37
"[('frontal', 'zernike'), ('sagittal', 'husiq')]",DMC_manhattam,54.19
"[('frontal', 'zernike'), ('sagittal', 'hututu')]",DMC_manhattam,54.15
"[('frontal', 'zernike'), ('sagittal', 'hu1980')]",DMC_manhattam,54.04
"[('frontal', 'zernike'), ('sagittal', 'legendre')]",KNN_euclidean,57.11
"[('frontal', 'zernike'), ('sagittal', 'chebyshev')]",DMC_manhattam,56.65
"[('frontal', 'zernike'), ('sagittal', 'zernike')]",MLP,58.26
"[('frontal', 'zernike'), ('transversal', 'husiq')]",DMC_manhattam,57.34
"[('frontal', 'zernike'), ('transversal', 'hututu')]",DMC_manhattam,58.92
"[('frontal', 'zernike'), ('transversal', 'hu1980')]",DMC_manhattam,53.31
"[('frontal', 'zernike'), ('transversal', 'legendre')]",DMC_manhattam,61.18
"[('frontal', 'zernike'), ('transversal', 'chebyshev')]",DMC_manhattam,59.49
"[('frontal', 'zernike'), ('transversal', 'zernike')]",DMC_manhattam,60.34
"[('frontal', 'zernike'), ('whole', 'husiq')]",DMC_manhattam,53.54
"[('frontal', 'zernike'), ('whole', 'hututu')]",DMC_manhattam,53.61
"[('frontal', 'zernike'), ('whole', 'hu1980')]",DMC_manhattam,52.11
"[('frontal', 'zernike'), ('whole', 'legendre')]",DMC_manhattam,54.42
"[('frontal', 'zernike'), ('whole', 'chebyshev')]",DMC_manhattam,54.5
"[('frontal', 'zernike'), ('whole', 'zernike')]",DMC_manhattam,55.96
"[('frontal', 'zernike'), ('upper', 'husiq')]",DMC_manhattam,52.84
"[('frontal', 'zernike'), ('upper', 'hututu')]",DMC_manhattam,54.61
"[('frontal', 'zernike'), ('upper', 'hu1980')]",DMC_manhattam,51.84
"[('frontal', 'zernike'), ('upper', 'legendre')]",DMC_manhattam,54.46
"[('frontal', 'zernike'), ('upper', 'chebyshev')]",DMC_manhattam,55.3
"[('frontal', 'zernike'), ('upper', 'zernike')]",DMC_manhattam,59.34
"[('frontal', 'zernike'), ('lower', 'husiq')]",DMC_manhattam,52.11
"[('frontal', 'zernike'), ('lower', 'hututu')]",DMC_manhattam,52.61
"[('frontal', 'zernike'), ('lower', 'hu1980')]",DMC_manhattam,51.96
"[('frontal', 'zernike'), ('lower', 'legendre')]",DMC_manhattam,52.73
"[('frontal', 'zernike'), ('lower', 'chebyshev')]",DMC_manhattam,52.77
"[('frontal', 'zernike'), ('lower', 'zernike')]",DMC_manhattam,56.23
"[('radial', 'husiq'), ('radial', 'hututu')]",DMC_manhattam,45.73
"[('radial', 'husiq'), ('radial', 'hu1980')]",KNN_euclidean,43.01
"[('radial', 'husiq'), ('radial', 'legendre')]",DMC_manhattam,58.61
"[('radial', 'husiq'), ('radial', 'chebyshev')]",DMC_manhattam,58.61
"[('radial', 'husiq'), ('radial', 'zernike')]",DMC_manhattam,59.19
"[('radial', 'husiq'), ('sagittal', 'husiq')]",KNN_euclidean,46.08
"[('radial', 'husiq'), ('sagittal', 'hututu')]",KNN_euclidean,44.81
"[('radial', 'husiq'), ('sagittal', 'hu1980')]",DMC_manhattam,44.66
"[('radial', 'husiq'), ('sagittal', 'legendre')]",KNN_euclidean,56.8
"[('radial', 'husiq'), ('sagittal', 'chebyshev')]",KNN_euclidean,54.34
"[('radial', 'husiq'), ('sagittal', 'zernike')]",KNN_euclidean,55.61
"[('radial', 'husiq'), ('transversal', 'husiq')]",DMC_manhattam,54.5
"[('radial', 'husiq'), ('transversal', 'hututu')]",DMC_manhattam,57.07
"[('radial', 'husiq'), ('transversal', 'hu1980')]",KNN_euclidean,46.12
"[('radial', 'husiq'), ('transversal', 'legendre')]",DMC_manhattam,63.49
"[('radial', 'husiq'), ('transversal', 'chebyshev')]",DMC_manhattam,58.99
"[('radial', 'husiq'), ('transversal', 'zernike')]",KNN_euclidean,57.15
"[('radial', 'husiq'), ('whole', 'husiq')]",KNN_euclidean,45.96
"[('radial', 'husiq'), ('whole', 'hututu')]",KNN_euclidean,46.62
"[('radial', 'husiq'), ('whole', 'hu1980')]",KNN_euclidean,44.08
"[('radial', 'husiq'), ('whole', 'legendre')]",KNN_euclidean,57.07
"[('radial', 'husiq'), ('whole', 'chebyshev')]",KNN_euclidean,55.23
"[('radial', 'husiq'), ('whole', 'zernike')]",KNN_euclidean,58.03
"[('radial', 'husiq'), ('upper', 'husiq')]",KNN_euclidean,45.47
"[('radial', 'husiq'), ('upper', 'hututu')]",DMC_manhattam,48.0
"[('radial', 'husiq'), ('upper', 'hu1980')]",KNN_euclidean,44.39
"[('radial', 'husiq'), ('upper', 'legendre')]",DMC_manhattam,53.31
"[('radial', 'husiq'), ('upper', 'chebyshev')]",KNN_euclidean,50.5
"[('radial', 'husiq'), ('upper', 'zernike')]",DMC_manhattam,60.53
"[('radial', 'husiq'), ('lower', 'husiq')]",KNN_euclidean,43.77
"[('radial', 'husiq'), ('lower', 'hututu')]",KNN_euclidean,43.62
"[('radial', 'husiq'), ('lower', 'hu1980')]",KNN_euclidean,44.2
"[('radial', 'husiq'), ('lower', 'legendre')]",DMC_manhattam,44.97
"[('radial', 'husiq'), ('lower', 'chebyshev')]",DMC_manhattam,47.96
"[('radial', 'husiq'), ('lower', 'zernike')]",DMC_manhattam,51.27
"[('radial', 'hututu'), ('radial', 'hu1980')]",DMC_manhattam,44.43
"[('radial', 'hututu'), ('radial', 'legendre')]",DMC_manhattam,57.96
"[('radial', 'hututu'), ('radial', 'chebyshev')]",DMC_manhattam,57.69
"[('radial', 'hututu'), ('radial', 'zernike')]",DMC_manhattam,59.84
"[('radial', 'hututu'), ('sagittal', 'husiq')]",DMC_manhattam,46.73
"[('radial', 'hututu'), ('sagittal', 'hututu')]",DMC_manhattam,46.69
"[('radial', 'hututu'), ('sagittal', 'hu1980')]",DMC_manhattam,45.89
"[('radial', 'hututu'), ('sagittal', 'legendre')]",DMC_manhattam,57.69
"[('radial', 'hututu'), ('sagittal', 'chebyshev')]",DMC_manhattam,54.88
"[('radial', 'hututu'), ('sagittal', 'zernike')]",DMC_manhattam,55.27
"[('radial', 'hututu'), ('transversal', 'husiq')]",DMC_manhattam,53.8
"[('radial', 'hututu'), ('transversal', 'hututu')]",DMC_manhattam,56.61
"[('radial', 'hututu'), ('transversal', 'hu1980')]",DMC_manhattam,46.69
"[('radial', 'hututu'), ('transversal', 'legendre')]",DMC_manhattam,63.18
"[('radial', 'hututu'), ('transversal', 'chebyshev')]",DMC_manhattam,59.42
"[('radial', 'hututu'), ('transversal', 'zernike')]",DMC_manhattam,58.65
"[('radial', 'hututu'), ('whole', 'husiq')]",DMC_manhattam,45.85
"[('radial', 'hututu'), ('whole', 'hututu')]",DMC_manhattam,46.96
"[('radial', 'hututu'), ('whole', 'hu1980')]",DMC_manhattam,44.47
"[('radial', 'hututu'), ('whole', 'legendre')]",DMC_manhattam,56.23
"[('radial', 'hututu'), ('whole', 'chebyshev')]",DMC_manhattam,53.77
"[('radial', 'hututu'), ('whole', 'zernike')]",DMC_manhattam,55.15
"[('radial', 'hututu'), ('upper', 'husiq')]",DMC_manhattam,46.5
"[('radial', 'hututu'), ('upper', 'hututu')]",DMC_manhattam,48.54
"[('radial', 'hututu'), ('upper', 'hu1980')]",DMC_manhattam,44.39
"[('radial', 'hututu'), ('upper', 'legendre')]",DMC_manhattam,53.11
"[('radial', 'hututu'), ('upper', 'chebyshev')]",DMC_manhattam,50.5
"[('radial', 'hututu'), ('upper', 'zernike')]",DMC_manhattam,60.18
"[('radial', 'hututu'), ('lower', 'husiq')]",DMC_manhattam,44.54
"[('radial', 'hututu'), ('lower', 'hututu')]",DMC_manhattam,45.85
"[('radial', 'hututu'), ('lower', 'hu1980')]",DMC_manhattam,44.5
"[('radial', 'hututu'), ('lower', 'legendre')]",DMC_manhattam,47.31
"[('radial', 'hututu'), ('lower', 'chebyshev')]",DMC_manhattam,48.35
"[('radial', 'hututu'), ('lower', 'zernike')]",DMC_manhattam,52.92
"[('radial', 'hu1980'), ('radial', 'legendre')]",DMC_manhattam,58.3
"[('radial', 'hu1980'), ('radial', 'chebyshev')]",DMC_manhattam,56.5
"[('radial', 'hu1980'), ('radial', 'zernike')]",DMC_manhattam,58.07
"[('radial', 'hu1980'), ('sagittal', 'husiq')]",KNN_euclidean,36.82
"[('radial', 'hu1980'), ('sagittal', 'hututu')]",DMC_manhattam,35.7
"[('radial', 'hu1980'), ('sagittal', 'hu1980')]",KNN_euclidean,29.78
"[('radial', 'hu1980'), ('sagittal', 'legendre')]",KNN_euclidean,53.38
"[('radial', 'hu1980'), ('sagittal', 'chebyshev')]",KNN_euclidean,49.35
"[('radial', 'hu1980'), ('sagittal', 'zernike')]",KNN_euclidean,52.08
"[('radial', 'hu1980'), ('transversal', 'husiq')]",KNN_euclidean,49.69
"[('radial', 'hu1980'), ('transversal', 'hututu')]",DMC_manhattam,51.65
"[('radial', 'hu1980'), ('transversal', 'hu1980')]",KNN_euclidean,32.28
"[('radial', 'hu1980'), ('transversal', 'legendre')]",DMC_manhattam,60.07
"[('radial', 'hu1980'), ('transversal', 'chebyshev')]",DMC_manhattam,54.42
"[('radial', 'hu1980'), ('transversal', 'zernike')]",KNN_euclidean,53.96
"[('radial', 'hu1980'), ('whole', 'husiq')]",KNN_euclidean,33.59
"[('radial', 'hu1980'), ('whole', 'hututu')]",KNN_euclidean,35.47
"[('radial', 'hu1980'), ('whole', 'hu1980')]",KNN_euclidean,23.52
"[('radial', 'hu1980'), ('whole', 'legendre')]",DMC_manhattam,52.23
"[('radial', 'hu1980'), ('whole', 'chebyshev')]",KNN_euclidean,47.5
"[('radial', 'hu1980'), ('whole', 'zernike')]",KNN_euclidean,54.77
"[('radial', 'hu1980'), ('upper', 'husiq')]",DMC_manhattam,30.13
"[('radial', 'hu1980'), ('upper', 'hututu')]",DMC_manhattam,34.32
"[('radial', 'hu1980'), ('upper', 'hu1980')]",KNN_euclidean,25.52
"[('radial', 'hu1980'), ('upper', 'legendre')]",DMC_manhattam,42.93
"[('radial', 'hu1980'), ('upper', 'chebyshev')]",DMC_manhattam,40.62
"[('radial', 'hu1980'), ('upper', 'zernike')]",KNN_euclidean,53.84
"[('radial', 'hu1980'), ('lower', 'husiq')]",KNN_euclidean,28.25
"[('radial', 'hu1980'), ('lower', 'hututu')]",DMC_manhattam,30.71
"[('radial', 'hu1980'), ('lower', 'hu1980')]",KNN_euclidean,25.1
"[('radial', 'hu1980'), ('lower', 'legendre')]",DMC_manhattam,33.59
"[('radial', 'hu1980'), ('lower', 'chebyshev')]",DMC_manhattam,35.4
"[('radial', 'hu1980'), ('lower', 'zernike')]",DMC_manhattam,41.85
"[('radial', 'legendre'), ('radial', 'chebyshev')]",DMC_manhattam,59.45
"[('radial', 'legendre'), ('radial', 'zernike')]",DMC_manhattam,63.72
"[('radial', 'legendre'), ('sagittal', 'husiq')]",DMC_manhattam,57.96
"[('radial', 'legendre'), ('sagittal', 'hututu')]",DMC_manhattam,55.57
"[('radial', 'legendre'), ('sagittal', 'hu1980')]",DMC_manhattam,58.65
"[('radial', 'legendre'), ('sagittal', 'legendre')]",KNN_euclidean,60.72
"[('radial', 'legendre'), ('sagittal', 'chebyshev')]",DMC_manhattam,59.07
"[('radial', 'legendre'), ('sagittal', 'zernike')]",MLP,60.3
"[('radial', 'legendre'), ('transversal', 'husiq')]",DMC_manhattam,63.14
"[('radial', 'legendre'), ('transversal', 'hututu')]",DMC_manhattam,63.07
"[('radial', 'legendre'), ('transversal', 'hu1980')]",DMC_manhattam,59.49
"[('radial', 'legendre'), ('transversal', 'legendre')]",DMC_manhattam,64.8
"[('radial', 'legendre'), ('transversal', 'chebyshev')]",DMC_manhattam,61.68
"[('radial', 'legendre'), ('transversal', 'zernike')]",DMC_manhattam,62.99
"[('radial', 'legendre'), ('whole', 'husiq')]",DMC_manhattam,58.92
"[('radial', 'legendre'), ('whole', 'hututu')]",DMC_manhattam,57.96
"[('radial', 'legendre'), ('whole', 'hu1980')]",DMC_manhattam,57.99
"[('radial', 'legendre'), ('whole', 'legendre')]",DMC_manhattam,59.65
"[('radial', 'legendre'), ('whole', 'chebyshev')]",DMC_manhattam,59.15
"[('radial', 'legendre'), ('whole', 'zernike')]",DMC_manhattam,62.61
"[('radial', 'legendre'), ('upper', 'husiq')]",DMC_manhattam,58.61
"[('radial', 'legendre'), ('upper', 'hututu')]",DMC_manhattam,60.65
"[('radial', 'legendre'), ('upper', 'hu1980')]",DMC_manhattam,57.69
"[('radial', 'legendre'), ('upper', 'legendre')]",DMC_manhattam,60.03
"[('radial', 'legendre'), ('upper', 'chebyshev')]",DMC_manhattam,58.49
"[('radial', 'legendre'), ('upper', 'zernike')]",DMC_manhattam,66.33
"[('radial', 'legendre'), ('lower', 'husiq')]",DMC_manhattam,56.84
"[('radial', 'legendre'), ('lower', 'hututu')]",DMC_manhattam,55.96
"[('radial', 'legendre'), ('lower', 'hu1980')]",DMC_manhattam,58.07
"[('radial', 'legendre'), ('lower', 'legendre')]",DMC_manhattam,54.8
"[('radial', 'legendre'), ('lower', 'chebyshev')]",KNN_manhattam,56.8
"[('radial', 'legendre'), ('lower', 'zernike')]",DMC_manhattam,60.68
"[('radial', 'chebyshev'), ('radial', 'zernike')]",DMC_manhattam,64.1
"[('radial', 'chebyshev'), ('sagittal', 'husiq')]",DMC_manhattam,57.69
"[('radial', 'chebyshev'), ('sagittal', 'hututu')]",DMC_manhattam,56.23
"[('radial', 'chebyshev'), ('sagittal', 'hu1980')]",DMC_manhattam,57.53
"[('radial', 'chebyshev'), ('sagittal', 'legendre')]",DMC_manhattam,61.88
"[('radial', 'chebyshev'), ('sagittal', 'chebyshev')]",DMC_manhattam,58.46
"[('radial', 'chebyshev'), ('sagittal', 'zernike')]",KNN_euclidean,59.84
"[('radial', 'chebyshev'), ('transversal', 'husiq')]",DMC_manhattam,63.53
"[('radial', 'chebyshev'), ('transversal', 'hututu')]",DMC_manhattam,63.18
"[('radial', 'chebyshev'), ('transversal', 'hu1980')]",DMC_manhattam,58.46
"[('radial', 'chebyshev'), ('transversal', 'legendre')]",DMC_manhattam,65.6
"[('radial', 'chebyshev'), ('transversal', 'chebyshev')]",DMC_manhattam,60.3
"[('radial', 'chebyshev'), ('transversal', 'zernike')]",KNN_euclidean,63.3
"[('radial', 'chebyshev'), ('whole', 'husiq')]",DMC_manhattam,57.99
"[('radial', 'chebyshev'), ('whole', 'hututu')]",DMC_manhattam,57.53
"[('radial', 'chebyshev'), ('whole', 'hu1980')]",DMC_manhattam,56.76
"[('radial', 'chebyshev'), ('whole', 'legendre')]",DMC_manhattam,60.07
"[('radial', 'chebyshev'), ('whole', 'chebyshev')]",DMC_manhattam,56.65
"[('radial', 'chebyshev'), ('whole', 'zernike')]",DMC_manhattam,62.76
"[('radial', 'chebyshev'), ('upper', 'husiq')]",DMC_manhattam,57.26
"[('radial', 'chebyshev'), ('upper', 'hututu')]",DMC_manhattam,59.38
"[('radial', 'chebyshev'), ('upper', 'hu1980')]",DMC_manhattam,55.23
"[('radial', 'chebyshev'), ('upper', 'legendre')]",DMC_manhattam,59.22
"[('radial', 'chebyshev'), ('upper', 'chebyshev')]",DMC_manhattam,57.34
"[('radial', 'chebyshev'), ('upper', 'zernike')]",DMC_manhattam,66.14
"[('radial', 'chebyshev'), ('lower', 'husiq')]",DMC_manhattam,55.46
"[('radial', 'chebyshev'), ('lower', 'hututu')]",DMC_manhattam,54.88
"[('radial', 'chebyshev'), ('lower', 'hu1980')]",DMC_manhattam,56.11
"[('radial', 'chebyshev'), ('lower', 'legendre')]",DMC_manhattam,54.3
"[('radial', 'chebyshev'), ('lower', 'chebyshev')]",KNN_manhattam,54.3
"[('radial', 'chebyshev'), ('lower', 'zernike')]",DMC_manhattam,60.99
"[('radial', 'zernike'), ('sagittal', 'husiq')]",DMC_manhattam,58.53
"[('radial', 'zernike'), ('sagittal', 'hututu')]",DMC_manhattam,58.15
"[('radial', 'zernike'), ('sagittal', 'hu1980')]",DMC_manhattam,58.07
"[('radial', 'zernike'), ('sagittal', 'legendre')]",DMC_manhattam,63.37
"[('radial', 'zernike'), ('sagittal', 'chebyshev')]",DMC_manhattam,62.61
"[('radial', 'zernike'), ('sagittal', 'zernike')]",DMC_manhattam,59.3
"[('radial', 'zernike'), ('transversal', 'husiq')]",DMC_manhattam,62.57
"[('radial', 'zernike'), ('transversal', 'hututu')]",DMC_manhattam,64.53
"[('radial', 'zernike'), ('transversal', 'hu1980')]",DMC_manhattam,58.65
"[('radial', 'zernike'), ('transversal', 'legendre')]",DMC_manhattam,67.18
"[('radial', 'zernike'), ('transversal', 'chebyshev')]",DMC_manhattam,66.91
"[('radial', 'zernike'), ('transversal', 'zernike')]",DMC_manhattam,62.18
"[('radial', 'zernike'), ('whole', 'husiq')]",DMC_manhattam,57.96
"[('radial', 'zernike'), ('whole', 'hututu')]",DMC_manhattam,57.07
"[('radial', 'zernike'), ('whole', 'hu1980')]",DMC_manhattam,57.11
"[('radial', 'zernike'), ('whole', 'legendre')]",DMC_manhattam,60.91
"[('radial', 'zernike'), ('whole', 'chebyshev')]",DMC_manhattam,60.68
"[('radial', 'zernike'), ('whole', 'zernike')]",DMC_manhattam,58.95
"[('radial', 'zernike'), ('upper', 'husiq')]",DMC_manhattam,57.99
"[('radial', 'zernike'), ('upper', 'hututu')]",DMC_manhattam,60.11
"[('radial', 'zernike'), ('upper', 'hu1980')]",DMC_manhattam,56.8
"[('radial', 'zernike'), ('upper', 'legendre')]",DMC_manhattam,60.91
"[('radial', 'zernike'), ('upper', 'chebyshev')]",DMC_manhattam,61.72
"[('radial', 'zernike'), ('upper', 'zernike')]",DMC_manhattam,63.14
"[('radial', 'zernike'), ('lower', 'husiq')]",DMC_manhattam,57.65
"[('radial', 'zernike'), ('lower', 'hututu')]",DMC_manhattam,57.88
"[('radial', 'zernike'), ('lower', 'hu1980')]",DMC_manhattam,56.92
"[('radial', 'zernike'), ('lower', 'legendre')]",DMC_manhattam,58.46
"[('radial', 'zernike'), ('lower', 'chebyshev')]",KNN_manhattam,58.3
"[('radial', 'zernike'), ('lower', 'zernike')]",DMC_manhattam,59.68
"[('sagittal', 'husiq'), ('sagittal', 'hututu')]",DMC_manhattam,30.82
"[('sagittal', 'husiq'), ('sagittal', 'hu1980')]",KNN_euclidean,31.67
"[('sagittal', 'husiq'), ('sagittal', 'legendre')]",KNN_euclidean,49.92
"[('sagittal', 'husiq'), ('sagittal', 'chebyshev')]",KNN_euclidean,48.54
"[('sagittal', 'husiq'), ('sagittal', 'zernike')]",KNN_euclidean,51.69
"[('sagittal', 'husiq'), ('transversal', 'husiq')]",DMC_manhattam,49.23
"[('sagittal', 'husiq'), ('transversal', 'hututu')]",DMC_manhattam,53.23
"[('sagittal', 'husiq'), ('transversal', 'hu1980')]",KNN_euclidean,35.59
"[('sagittal', 'husiq'), ('transversal', 'legendre')]",DMC_manhattam,60.07
"[('sagittal', 'husiq'), ('transversal', 'chebyshev')]",DMC_manhattam,55.19
"[('sagittal', 'husiq'), ('transversal', 'zernike')]",KNN_euclidean,53.61
"[('sagittal', 'husiq'), ('whole', 'husiq')]",KNN_euclidean,33.28
"[('sagittal', 'husiq'), ('whole', 'hututu')]",KNN_euclidean,34.93
"[('sagittal', 'husiq'), ('whole', 'hu1980')]",KNN_euclidean,30.55
"[('sagittal', 'husiq'), ('whole', 'legendre')]",KNN_euclidean,46.46
"[('sagittal', 'husiq'), ('whole', 'chebyshev')]",KNN_euclidean,44.77
"[('sagittal', 'husiq'), ('whole', 'zernike')]",KNN_euclidean,51.88
"[('sagittal', 'husiq'), ('upper', 'husiq')]",DMC_manhattam,34.82
"[('sagittal', 'husiq'), ('upper', 'hututu')]",DMC_manhattam,38.32
"[('sagittal', 'husiq'), ('upper', 'hu1980')]",DMC_manhattam,30.71
"[('sagittal', 'husiq'), ('upper', 'legendre')]",DMC_manhattam,43.74
"[('sagittal', 'husiq'), ('upper', 'chebyshev')]",DMC_manhattam,42.12
"[('sagittal', 'husiq'), ('upper', 'zernike')]",DMC_manhattam,52.54
"[('sagittal', 'husiq'), ('lower', 'husiq')]",KNN_euclidean,32.97
"[('sagittal', 'husiq'), ('lower', 'hututu')]",DMC_manhattam,35.4
"[('sagittal', 'husiq'), ('lower', 'hu1980')]",DMC_manhattam,30.82
"[('sagittal', 'husiq'), ('lower', 'legendre')]",DMC_manhattam,37.89
"[('sagittal', 'husiq'), ('lower', 'chebyshev')]",DMC_manhattam,36.93
"[('sagittal', 'husiq'), ('lower', 'zernike')]",DMC_manhattam,45.7
"[('sagittal', 'hututu'), ('sagittal', 'hu1980')]",KNN_euclidean,31.21
"[('sagittal', 'hututu'), ('sagittal', 'legendre')]",KNN_euclidean,48.39
"[('sagittal', 'hututu'), ('sagittal', 'chebyshev')]",KNN_euclidean,47.19
"[('sagittal', 'hututu'), ('sagittal', 'zernike')]",KNN_euclidean,50.08
"[('sagittal', 'hututu'), ('transversal', 'husiq')]",DMC_manhattam,47.19
"[('sagittal', 'hututu'), ('transversal', 'hututu')]",DMC_manhattam,50.85
"[('sagittal', 'hututu'), ('transversal', 'hu1980')]",DMC_manhattam,34.59
"[('sagittal', 'hututu'), ('transversal', 'legendre')]",DMC_manhattam,58.22
"[('sagittal', 'hututu'), ('transversal', 'chebyshev')]",DMC_manhattam,54.84
"[('sagittal', 'hututu'), ('transversal', 'zernike')]",KNN_euclidean,53.8
"[('sagittal', 'hututu'), ('whole', 'husiq')]",DMC_manhattam,32.51
"[('sagittal', 'hututu'), ('whole', 'hututu')]",DMC_manhattam,33.9
"[('sagittal', 'hututu'), ('whole', 'hu1980')]",DMC_manhattam,30.98
"[('sagittal', 'hututu'), ('whole', 'legendre')]",DMC_manhattam,43.16
"[('sagittal', 'hututu'), ('whole', 'chebyshev')]",KNN_euclidean,42.08
"[('sagittal', 'hututu'), ('whole', 'zernike')]",KNN_euclidean,48.42
"[('sagittal', 'hututu'), ('upper', 'husiq')]",DMC_manhattam,34.59
"[('sagittal', 'hututu'), ('upper', 'hututu')]",DMC_manhattam,37.24
"[('sagittal', 'hututu'), ('upper', 'hu1980')]",DMC_manhattam,30.94
"[('sagittal', 'hututu'), ('upper', 'legendre')]",DMC_manhattam,41.24
"[('sagittal', 'hututu'), ('upper', 'chebyshev')]",DMC_manhattam,41.31
"[('sagittal', 'hututu'), ('upper', 'zernike')]",DMC_manhattam,50.92
"[('sagittal', 'hututu'), ('lower', 'husiq')]",DMC_manhattam,32.71
"[('sagittal', 'hututu'), ('lower', 'hututu')]",DMC_manhattam,34.93
"[('sagittal', 'hututu'), ('lower', 'hu1980')]",DMC_manhattam,31.09
"[('sagittal', 'hututu'), ('lower', 'legendre')]",DMC_manhattam,37.24
"[('sagittal', 'hututu'), ('lower', 'chebyshev')]",KNN_manhattam,36.51
"[('sagittal', 'hututu'), ('lower', 'zernike')]",DMC_manhattam,45.39
"[('sagittal', 'hu1980'), ('sagittal', 'legendre')]",KNN_euclidean,52.15
"[('sagittal', 'hu1980'), ('sagittal', 'chebyshev')]",KNN_euclidean,48.08
"[('sagittal', 'hu1980'), ('sagittal', 'zernike')]",MLP,52.27
"[('sagittal', 'hu1980'), ('transversal', 'husiq')]",KNN_euclidean,47.92
"[('sagittal', 'hu1980'), ('transversal', 'hututu')]",DMC_manhattam,51.27
"[('sagittal', 'hu1980'), ('transversal', 'hu1980')]",KNN_euclidean,31.78
"[('sagittal', 'hu1980'), ('transversal', 'legendre')]",DMC_manhattam,60.22
"[('sagittal', 'hu1980'), ('transversal', 'chebyshev')]",DMC_manhattam,52.57
"[('sagittal', 'hu1980'), ('transversal', 'zernike')]",KNN_euclidean,53.61
"[('sagittal', 'hu1980'), ('whole', 'husiq')]",KNN_euclidean,29.13
"[('sagittal', 'hu1980'), ('whole', 'hututu')]",KNN_euclidean,30.82
"[('sagittal', 'hu1980'), ('whole', 'hu1980')]",KNN_euclidean,20.56
"[('sagittal', 'hu1980'), ('whole', 'legendre')]",DMC_manhattam,49.5
"[('sagittal', 'hu1980'), ('whole', 'chebyshev')]",KNN_euclidean,44.24
"[('sagittal', 'hu1980'), ('whole', 'zernike')]",KNN_euclidean,55.46
"[('sagittal', 'hu1980'), ('upper', 'husiq')]",KNN_euclidean,26.94
"[('sagittal', 'hu1980'), ('upper', 'hututu')]",DMC_manhattam,33.36
"[('sagittal', 'hu1980'), ('upper', 'hu1980')]",KNN_euclidean,20.56
"[('sagittal', 'hu1980'), ('upper', 'legendre')]",DMC_manhattam,43.04
"[('sagittal', 'hu1980'), ('upper', 'chebyshev')]",DMC_manhattam,39.51
"[('sagittal', 'hu1980'), ('upper', 'zernike')]",KNN_euclidean,50.65
"[('sagittal', 'hu1980'), ('lower', 'husiq')]",KNN_euclidean,27.13
"[('sagittal', 'hu1980'), ('lower', 'hututu')]",KNN_euclidean,29.29
"[('sagittal', 'hu1980'), ('lower', 'hu1980')]",KNN_euclidean,20.37
"[('sagittal', 'hu1980'), ('lower', 'legendre')]",KNN_euclidean,33.28
"[('sagittal', 'hu1980'), ('lower', 'chebyshev')]",DMC_manhattam,31.9
"[('sagittal', 'hu1980'), ('lower', 'zernike')]",DMC_manhattam,39.16
"[('sagittal', 'legendre'), ('sagittal', 'chebyshev')]",KNN_euclidean,50.69
"[('sagittal', 'legendre'), ('sagittal', 'zernike')]",KNN_euclidean,56.53
"[('sagittal', 'legendre'), ('transversal', 'husiq')]",KNN_euclidean,58.95
"[('sagittal', 'legendre'), ('transversal', 'hututu')]",DMC_manhattam,60.65
"[('sagittal', 'legendre'), ('transversal', 'hu1980')]",KNN_euclidean,53.8
"[('sagittal', 'legendre'), ('transversal', 'legendre')]",DMC_manhattam,63.37
"[('sagittal', 'legendre'), ('transversal', 'chebyshev')]",DMC_manhattam,59.88
"[('sagittal', 'legendre'), ('transversal', 'zernike')]",KNN_euclidean,59.95
"[('sagittal', 'legendre'), ('whole', 'husiq')]",KNN_euclidean,52.5
"[('sagittal', 'legendre'), ('whole', 'hututu')]",KNN_euclidean,52.96
"[('sagittal', 'legendre'), ('whole', 'hu1980')]",KNN_euclidean,52.08
"[('sagittal', 'legendre'), ('whole', 'legendre')]",KNN_euclidean,55.38
"[('sagittal', 'legendre'), ('whole', 'chebyshev')]",KNN_euclidean,54.69
"[('sagittal', 'legendre'), ('whole', 'zernike')]",KNN_euclidean,58.26
"[('sagittal', 'legendre'), ('upper', 'husiq')]",KNN_euclidean,52.88
"[('sagittal', 'legendre'), ('upper', 'hututu')]",DMC_manhattam,53.8
"[('sagittal', 'legendre'), ('upper', 'hu1980')]",KNN_euclidean,51.58
"[('sagittal', 'legendre'), ('upper', 'legendre')]",DMC_manhattam,55.46
"[('sagittal', 'legendre'), ('upper', 'chebyshev')]",KNN_euclidean,54.0
"[('sagittal', 'legendre'), ('upper', 'zernike')]",DMC_manhattam,61.41
"[('sagittal', 'legendre'), ('lower', 'husiq')]",KNN_euclidean,51.23
"[('sagittal', 'legendre'), ('lower', 'hututu')]",DMC_manhattam,51.54
"[('sagittal', 'legendre'), ('lower', 'hu1980')]",KNN_euclidean,51.61
"[('sagittal', 'legendre'), ('lower', 'legendre')]",KNN_euclidean,51.11
"[('sagittal', 'legendre'), ('lower', 'chebyshev')]",KNN_euclidean,52.31
"[('sagittal', 'legendre'), ('lower', 'zernike')]",KNN_euclidean,56.42
"[('sagittal', 'chebyshev'), ('sagittal', 'zernike')]",KNN_euclidean,55.57
"[('sagittal', 'chebyshev'), ('transversal', 'husiq')]",KNN_euclidean,56.11
"[('sagittal', 'chebyshev'), ('transversal', 'hututu')]",DMC_manhattam,58.42
"[('sagittal', 'chebyshev'), ('transversal', 'hu1980')]",KNN_euclidean,50.0
"[('sagittal', 'chebyshev'), ('transversal', 'legendre')]",DMC_manhattam,63.57
"[('sagittal', 'chebyshev'), ('transversal', 'chebyshev')]",DMC_manhattam,57.65
"[('sagittal', 'chebyshev'), ('transversal', 'zernike')]",KNN_euclidean,58.72
"[('sagittal', 'chebyshev'), ('whole', 'husiq')]",KNN_euclidean,48.85
"[('sagittal', 'chebyshev'), ('whole', 'hututu')]",KNN_euclidean,49.58
"[('sagittal', 'chebyshev'), ('whole', 'hu1980')]",KNN_euclidean,47.73
"[('sagittal', 'chebyshev'), ('whole', 'legendre')]",KNN_euclidean,52.19
"[('sagittal', 'chebyshev'), ('whole', 'chebyshev')]",KNN_euclidean,49.73
"[('sagittal', 'chebyshev'), ('whole', 'zernike')]",KNN_euclidean,55.57
"[('sagittal', 'chebyshev'), ('upper', 'husiq')]",KNN_euclidean,48.69
"[('sagittal', 'chebyshev'), ('upper', 'hututu')]",DMC_manhattam,51.08
"[('sagittal', 'chebyshev'), ('upper', 'hu1980')]",KNN_euclidean,47.0
"[('sagittal', 'chebyshev'), ('upper', 'legendre')]",DMC_manhattam,52.65
"[('sagittal', 'chebyshev'), ('upper', 'chebyshev')]",DMC_manhattam,50.54
"[('sagittal', 'chebyshev'), ('upper', 'zernike')]",DMC_manhattam,59.15
"[('sagittal', 'chebyshev'), ('lower', 'husiq')]",KNN_euclidean,47.58
"[('sagittal', 'chebyshev'), ('lower', 'hututu')]",DMC_manhattam,48.08
"[('sagittal', 'chebyshev'), ('lower', 'hu1980')]",KNN_euclidean,47.23
"[('sagittal', 'chebyshev'), ('lower', 'legendre')]",KNN_euclidean,49.04
"[('sagittal', 'chebyshev'), ('lower', 'chebyshev')]",KNN_euclidean,47.46
"[('sagittal', 'chebyshev'), ('lower', 'zernike')]",DMC_manhattam,53.46
"[('sagittal', 'zernike'), ('transversal', 'husiq')]",MLP,56.03
"[('sagittal', 'zernike'), ('transversal', 'hututu')]",DMC_manhattam,56.88
"[('sagittal', 'zernike'), ('transversal', 'hu1980')]",MLP,51.27
"[('sagittal', 'zernike'), ('transversal', 'legendre')]",KNN_euclidean,60.42
"[('sagittal', 'zernike'), ('transversal', 'chebyshev')]",DMC_manhattam,59.22
"[('sagittal', 'zernike'), ('transversal', 'zernike')]",KNN_euclidean,56.99
"[('sagittal', 'zernike'), ('whole', 'husiq')]",MLP,51.46
"[('sagittal', 'zernike'), ('whole', 'hututu')]",MLP,52.73
"[('sagittal', 'zernike'), ('whole', 'hu1980')]",MLP,53.11
"[('sagittal', 'zernike'), ('whole', 'legendre')]",MLP,53.8
"[('sagittal', 'zernike'), ('whole', 'chebyshev')]",KNN_euclidean,53.07
"[('sagittal', 'zernike'), ('whole', 'zernike')]",MLP,56.11
"[('sagittal', 'zernike'), ('upper', 'husiq')]",MLP,52.0
"[('sagittal', 'zernike'), ('upper', 'hututu')]",MLP,54.15
"[('sagittal', 'zernike'), ('upper', 'hu1980')]",MLP,53.61
"[('sagittal', 'zernike'), ('upper', 'legendre')]",MLP,54.61
"[('sagittal', 'zernike'), ('upper', 'chebyshev')]",KNN_euclidean,54.19
"[('sagittal', 'zernike'), ('upper', 'zernike')]",KNN_euclidean,57.3
"[('sagittal', 'zernike'), ('lower', 'husiq')]",MLP,50.58
"[('sagittal', 'zernike'), ('lower', 'hututu')]",MLP,52.34
"[('sagittal', 'zernike'), ('lower', 'hu1980')]",MLP,53.23
"[('sagittal', 'zernike'), ('lower', 'legendre')]",KNN_euclidean,51.77
"[('sagittal', 'zernike'), ('lower', 'chebyshev')]",MLP,51.19
"[('sagittal', 'zernike'), ('lower', 'zernike')]",MLP,54.73
"[('transversal', 'husiq'), ('transversal', 'hututu')]",DMC_manhattam,49.92
"[('transversal', 'husiq'), ('transversal', 'hu1980')]",KNN_euclidean,44.93
"[('transversal', 'husiq'), ('transversal', 'legendre')]",DMC_manhattam,60.03
"[('transversal', 'husiq'), ('transversal', 'chebyshev')]",DMC_manhattam,57.65
"[('transversal', 'husiq'), ('transversal', 'zernike')]",DMC_manhattam,57.42
"[('transversal', 'husiq'), ('whole', 'husiq')]",KNN_euclidean,47.31
"[('transversal', 'husiq'), ('whole', 'hututu')]",DMC_manhattam,46.58
"[('transversal', 'husiq'), ('whole', 'hu1980')]",KNN_euclidean,46.27
"[('transversal', 'husiq'), ('whole', 'legendre')]",DMC_manhattam,56.92
"[('transversal', 'husiq'), ('whole', 'chebyshev')]",DMC_manhattam,55.57
"[('transversal', 'husiq'), ('whole', 'zernike')]",KNN_euclidean,59.57
"[('transversal', 'husiq'), ('upper', 'husiq')]",DMC_manhattam,47.23
"[('transversal', 'husiq'), ('upper', 'hututu')]",DMC_manhattam,49.5
"[('transversal', 'husiq'), ('upper', 'hu1980')]",KNN_euclidean,46.66
"[('transversal', 'husiq'), ('upper', 'legendre')]",DMC_manhattam,53.23
"[('transversal', 'husiq'), ('upper', 'chebyshev')]",DMC_manhattam,53.15
"[('transversal', 'husiq'), ('upper', 'zernike')]",DMC_manhattam,61.64
"[('transversal', 'husiq'), ('lower', 'husiq')]",KNN_euclidean,44.66
"[('transversal', 'husiq'), ('lower', 'hututu')]",KNN_euclidean,42.93
"[('transversal', 'husiq'), ('lower', 'hu1980')]",DMC_manhattam,46.77
"[('transversal', 'husiq'), ('lower', 'legendre')]",DMC_manhattam,45.27
"[('transversal', 'husiq'), ('lower', 'chebyshev')]",DMC_manhattam,48.96
"[('transversal', 'husiq'), ('lower', 'zernike')]",DMC_manhattam,52.42
"[('transversal', 'hututu'), ('transversal', 'hu1980')]",DMC_manhattam,48.19
"[('transversal', 'hututu'), ('transversal', 'legendre')]",DMC_manhattam,58.65
"[('transversal', 'hututu'), ('transversal', 'chebyshev')]",DMC_manhattam,58.65
"[('transversal', 'hututu'), ('transversal', 'zernike')]",DMC_manhattam,59.15
"[('transversal', 'hututu'), ('whole', 'husiq')]",DMC_manhattam,49.39
"[('transversal', 'hututu'), ('whole', 'hututu')]",DMC_manhattam,49.62
"[('transversal', 'hututu'), ('whole', 'hu1980')]",DMC_manhattam,48.65
"[('transversal', 'hututu'), ('whole', 'legendre')]",DMC_manhattam,56.19
"[('transversal', 'hututu'), ('whole', 'chebyshev')]",DMC_manhattam,55.84
"[('transversal', 'hututu'), ('whole', 'zernike')]",DMC_manhattam,59.72
"[('transversal', 'hututu'), ('upper', 'husiq')]",DMC_manhattam,48.62
"[('transversal', 'hututu'), ('upper', 'hututu')]",DMC_manhattam,50.77
"[('transversal', 'hututu'), ('upper', 'hu1980')]",DMC_manhattam,48.5
"[('transversal', 'hututu'), ('upper', 'legendre')]",DMC_manhattam,54.5
"[('transversal', 'hututu'), ('upper', 'chebyshev')]",DMC_manhattam,52.92
"[('transversal', 'hututu'), ('upper', 'zernike')]",DMC_manhattam,63.41
"[('transversal', 'hututu'), ('lower', 'husiq')]",DMC_manhattam,46.81
"[('transversal', 'hututu'), ('lower', 'hututu')]",DMC_manhattam,45.08
"[('transversal', 'hututu'), ('lower', 'hu1980')]",DMC_manhattam,48.5
"[('transversal', 'hututu'), ('lower', 'legendre')]",DMC_manhattam,48.81
"[('transversal', 'hututu'), ('lower', 'chebyshev')]",DMC_manhattam,50.42
"[('transversal', 'hututu'), ('lower', 'zernike')]",DMC_manhattam,55.8
"[('transversal', 'hu1980'), ('transversal', 'legendre')]",DMC_manhattam,58.92
"[('transversal', 'hu1980'), ('transversal', 'chebyshev')]",DMC_manhattam,53.46
"[('transversal', 'hu1980'), ('transversal', 'zernike')]",KNN_euclidean,53.19
"[('transversal', 'hu1980'), ('whole', 'husiq')]",KNN_euclidean,28.86
"[('transversal', 'hu1980'), ('whole', 'hututu')]",KNN_euclidean,30.4
"[('transversal', 'hu1980'), ('whole', 'hu1980')]",KNN_euclidean,24.56
"[('transversal', 'hu1980'), ('whole', 'legendre')]",DMC_manhattam,50.88
"[('transversal', 'hu1980'), ('whole', 'chebyshev')]",KNN_euclidean,46.81
"[('transversal', 'hu1980'), ('whole', 'zernike')]",KNN_euclidean,55.03
"[('transversal', 'hu1980'), ('upper', 'husiq')]",DMC_manhattam,29.29
"[('transversal', 'hu1980'), ('upper', 'hututu')]",DMC_manhattam,33.7
"[('transversal', 'hu1980'), ('upper', 'hu1980')]",DMC_manhattam,24.9
"[('transversal', 'hu1980'), ('upper', 'legendre')]",DMC_manhattam,43.58
"[('transversal', 'hu1980'), ('upper', 'chebyshev')]",DMC_manhattam,41.81
"[('transversal', 'hu1980'), ('upper', 'zernike')]",KNN_euclidean,54.15
"[('transversal', 'hu1980'), ('lower', 'husiq')]",KNN_euclidean,25.75
"[('transversal', 'hu1980'), ('lower', 'hututu')]",DMC_manhattam,28.17
"[('transversal', 'hu1980'), ('lower', 'hu1980')]",KNN_euclidean,23.98
"[('transversal', 'hu1980'), ('lower', 'legendre')]",KNN_euclidean,32.86
"[('transversal', 'hu1980'), ('lower', 'chebyshev')]",DMC_manhattam,34.17
"[('transversal', 'hu1980'), ('lower', 'zernike')]",DMC_manhattam,39.78
"[('transversal', 'legendre'), ('transversal', 'chebyshev')]",DMC_manhattam,56.8
"[('transversal', 'legendre'), ('transversal', 'zernike')]",DMC_manhattam,63.03
"[('transversal', 'legendre'), ('whole', 'husiq')]",DMC_manhattam,58.95
"[('transversal', 'legendre'), ('whole', 'hututu')]",DMC_manhattam,57.03
"[('transversal', 'legendre'), ('whole', 'hu1980')]",DMC_manhattam,57.96
"[('transversal', 'legendre'), ('whole', 'legendre')]",DMC_manhattam,59.99
"[('transversal', 'legendre'), ('whole', 'chebyshev')]",DMC_manhattam,60.45
"[('transversal', 'legendre'), ('whole', 'zernike')]",DMC_manhattam,63.03
"[('transversal', 'legendre'), ('upper', 'husiq')]",DMC_manhattam,58.72
"[('transversal', 'legendre'), ('upper', 'hututu')]",DMC_manhattam,59.15
"[('transversal', 'legendre'), ('upper', 'hu1980')]",DMC_manhattam,57.3
"[('transversal', 'legendre'), ('upper', 'legendre')]",DMC_manhattam,58.65
"[('transversal', 'legendre'), ('upper', 'chebyshev')]",DMC_manhattam,58.99
"[('transversal', 'legendre'), ('upper', 'zernike')]",DMC_manhattam,67.41
"[('transversal', 'legendre'), ('lower', 'husiq')]",DMC_manhattam,56.34
"[('transversal', 'legendre'), ('lower', 'hututu')]",DMC_manhattam,53.92
"[('transversal', 'legendre'), ('lower', 'hu1980')]",DMC_manhattam,57.57
"[('transversal', 'legendre'), ('lower', 'legendre')]",DMC_manhattam,53.07
"[('transversal', 'legendre'), ('lower', 'chebyshev')]",KNN_manhattam,56.0
"[('transversal', 'legendre'), ('lower', 'zernike')]",DMC_manhattam,62.57
"[('transversal', 'chebyshev'), ('transversal', 'zernike')]",DMC_manhattam,60.91
"[('transversal', 'chebyshev'), ('whole', 'husiq')]",DMC_manhattam,52.88
"[('transversal', 'chebyshev'), ('whole', 'hututu')]",DMC_manhattam,53.38
"[('transversal', 'chebyshev'), ('whole', 'hu1980')]",DMC_manhattam,51.77
"[('transversal', 'chebyshev'), ('whole', 'legendre')]",DMC_manhattam,55.53
"[('transversal', 'chebyshev'), ('whole', 'chebyshev')]",DMC_manhattam,52.15
"[('transversal', 'chebyshev'), ('whole', 'zernike')]",DMC_manhattam,60.95
"[('transversal', 'chebyshev'), ('upper', 'husiq')]",DMC_manhattam,52.0
"[('transversal', 'chebyshev'), ('upper', 'hututu')]",DMC_manhattam,53.77
"[('transversal', 'chebyshev'), ('upper', 'hu1980')]",DMC_manhattam,50.58
"[('transversal', 'chebyshev'), ('upper', 'legendre')]",DMC_manhattam,54.27
"[('transversal', 'chebyshev'), ('upper', 'chebyshev')]",DMC_manhattam,51.96
"[('transversal', 'chebyshev'), ('upper', 'zernike')]",DMC_manhattam,63.37
"[('transversal', 'chebyshev'), ('lower', 'husiq')]",DMC_manhattam,51.0
"[('transversal', 'chebyshev'), ('lower', 'hututu')]",DMC_manhattam,50.31
"[('transversal', 'chebyshev'), ('lower', 'hu1980')]",DMC_manhattam,50.92
"[('transversal', 'chebyshev'), ('lower', 'legendre')]",DMC_manhattam,48.5
"[('transversal', 'chebyshev'), ('lower', 'chebyshev')]",KNN_manhattam,48.96
"[('transversal', 'chebyshev'), ('lower', 'zernike')]",DMC_manhattam,56.96
"[('transversal', 'zernike'), ('whole', 'husiq')]",KNN_euclidean,53.19
"[('transversal', 'zernike'), ('whole', 'hututu')]",KNN_euclidean,53.46
"[('transversal', 'zernike'), ('whole', 'hu1980')]",KNN_euclidean,52.92
"[('transversal', 'zernike'), ('whole', 'legendre')]",KNN_euclidean,57.42
"[('transversal', 'zernike'), ('whole', 'chebyshev')]",KNN_euclidean,56.88
"[('transversal', 'zernike'), ('whole', 'zernike')]",KNN_euclidean,56.88
"[('transversal', 'zernike'), ('upper', 'husiq')]",DMC_manhattam,53.57
"[('transversal', 'zernike'), ('upper', 'hututu')]",KNN_euclidean,54.84
"[('transversal', 'zernike'), ('upper', 'hu1980')]",KNN_euclidean,52.92
"[('transversal', 'zernike'), ('upper', 'legendre')]",KNN_euclidean,56.38
"[('transversal', 'zernike'), ('upper', 'chebyshev')]",KNN_euclidean,56.38
"[('transversal', 'zernike'), ('upper', 'zernike')]",DMC_manhattam,58.46
"[('transversal', 'zernike'), ('lower', 'husiq')]",DMC_manhattam,52.88
"[('transversal', 'zernike'), ('lower', 'hututu')]",KNN_euclidean,53.34
"[('transversal', 'zernike'), ('lower', 'hu1980')]",KNN_euclidean,52.88
"[('transversal', 'zernike'), ('lower', 'legendre')]",KNN_euclidean,55.03
"[('transversal', 'zernike'), ('lower', 'chebyshev')]",KNN_euclidean,53.73
"[('transversal', 'zernike'), ('lower', 'zernike')]",KNN_euclidean,54.8
"[('whole', 'husiq'), ('whole', 'hututu')]",KNN_euclidean,25.21
"[('whole', 'husiq'), ('whole', 'hu1980')]",KNN_euclidean,21.83
"[('whole', 'husiq'), ('whole', 'legendre')]",DMC_manhattam,48.73
"[('whole', 'husiq'), ('whole', 'chebyshev')]",KNN_euclidean,45.43
"[('whole', 'husiq'), ('whole', 'zernike')]",KNN_euclidean,53.73
"[('whole', 'husiq'), ('upper', 'husiq')]",KNN_euclidean,27.17
"[('whole', 'husiq'), ('upper', 'hututu')]",DMC_manhattam,33.67
"[('whole', 'husiq'), ('upper', 'hu1980')]",KNN_euclidean,23.94
"[('whole', 'husiq'), ('upper', 'legendre')]",DMC_manhattam,44.62
"[('whole', 'husiq'), ('upper', 'chebyshev')]",DMC_manhattam,41.47
"[('whole', 'husiq'), ('upper', 'zernike')]",KNN_euclidean,54.34
"[('whole', 'husiq'), ('lower', 'husiq')]",KNN_euclidean,25.71
"[('whole', 'husiq'), ('lower', 'hututu')]",KNN_euclidean,28.86
"[('whole', 'husiq'), ('lower', 'hu1980')]",KNN_euclidean,23.52
"[('whole', 'husiq'), ('lower', 'legendre')]",DMC_manhattam,33.59
"[('whole', 'husiq'), ('lower', 'chebyshev')]",DMC_manhattam,34.7
"[('whole', 'husiq'), ('lower', 'zernike')]",KNN_euclidean,40.08
"[('whole', 'hututu'), ('whole', 'hu1980')]",KNN_euclidean,25.37
"[('whole', 'hututu'), ('whole', 'legendre')]",KNN_euclidean,45.73
"[('whole', 'hututu'), ('whole', 'chebyshev')]",KNN_euclidean,42.81
"[('whole', 'hututu'), ('whole', 'zernike')]",KNN_euclidean,53.11
"[('whole', 'hututu'), ('upper', 'husiq')]",KNN_euclidean,29.25
"[('whole', 'hututu'), ('upper', 'hututu')]",DMC_manhattam,33.51
"[('whole', 'hututu'), ('upper', 'hu1980')]",KNN_euclidean,26.4
"[('whole', 'hututu'), ('upper', 'legendre')]",DMC_manhattam,43.35
"[('whole', 'hututu'), ('upper', 'chebyshev')]",DMC_manhattam,40.35
"[('whole', 'hututu'), ('upper', 'zernike')]",KNN_euclidean,53.96
"[('whole', 'hututu'), ('lower', 'husiq')]",KNN_euclidean,27.17
"[('whole', 'hututu'), ('lower', 'hututu')]",KNN_euclidean,28.67
"[('whole', 'hututu'), ('lower', 'hu1980')]",KNN_euclidean,26.75
"[('whole', 'hututu'), ('lower', 'legendre')]",DMC_manhattam,33.51
"[('whole', 'hututu'), ('lower', 'chebyshev')]",DMC_manhattam,34.44
"[('whole', 'hututu'), ('lower', 'zernike')]",DMC_manhattam,41.85
"[('whole', 'hu1980'), ('whole', 'legendre')]",DMC_manhattam,48.62
"[('whole', 'hu1980'), ('whole', 'chebyshev')]",KNN_euclidean,42.66
"[('whole', 'hu1980'), ('whole', 'zernike')]",KNN_euclidean,53.65
"[('whole', 'hu1980'), ('upper', 'husiq')]",KNN_euclidean,21.83
"[('whole', 'hu1980'), ('upper', 'hututu')]",DMC_manhattam,27.63
"[('whole', 'hu1980'), ('upper', 'hu1980')]",KNN_euclidean,11.91
"[('whole', 'hu1980'), ('upper', 'legendre')]",DMC_manhattam,39.85
"[('whole', 'hu1980'), ('upper', 'chebyshev')]",DMC_manhattam,36.78
"[('whole', 'hu1980'), ('upper', 'zernike')]",KNN_euclidean,50.88
"[('whole', 'hu1980'), ('lower', 'husiq')]",KNN_euclidean,20.41
"[('whole', 'hu1980'), ('lower', 'hututu')]",KNN_euclidean,23.02
"[('whole', 'hu1980'), ('lower', 'hu1980')]",KNN_euclidean,10.68
"[('whole', 'hu1980'), ('lower', 'legendre')]",DMC_manhattam,27.13
"[('whole', 'hu1980'), ('lower', 'chebyshev')]",DMC_manhattam,27.33
"[('whole', 'hu1980'), ('lower', 'zernike')]",KNN_euclidean,34.74
"[('whole', 'legendre'), ('whole', 'chebyshev')]",DMC_manhattam,46.58
"[('whole', 'legendre'), ('whole', 'zernike')]",KNN_euclidean,60.49
"[('whole', 'legendre'), ('upper', 'husiq')]",DMC_manhattam,49.27
"[('whole', 'legendre'), ('upper', 'hututu')]",DMC_manhattam,51.35
"[('whole', 'legendre'), ('upper', 'hu1980')]",DMC_manhattam,48.81
"[('whole', 'legendre'), ('upper', 'legendre')]",DMC_manhattam,52.57
"[('whole', 'legendre'), ('upper', 'chebyshev')]",DMC_manhattam,49.12
"[('whole', 'legendre'), ('upper', 'zernike')]",DMC_manhattam,63.6
"[('whole', 'legendre'), ('lower', 'husiq')]",KNN_euclidean,46.46
"[('whole', 'legendre'), ('lower', 'hututu')]",DMC_manhattam,43.77
"[('whole', 'legendre'), ('lower', 'hu1980')]",DMC_manhattam,47.96
"[('whole', 'legendre'), ('lower', 'legendre')]",DMC_manhattam,42.7
"[('whole', 'legendre'), ('lower', 'chebyshev')]",DMC_manhattam,45.47
"[('whole', 'legendre'), ('lower', 'zernike')]",DMC_manhattam,50.46
"[('whole', 'chebyshev'), ('whole', 'zernike')]",KNN_euclidean,58.26
"[('whole', 'chebyshev'), ('upper', 'husiq')]",DMC_manhattam,45.54
"[('whole', 'chebyshev'), ('upper', 'hututu')]",DMC_manhattam,48.27
"[('whole', 'chebyshev'), ('upper', 'hu1980')]",DMC_manhattam,40.89
"[('whole', 'chebyshev'), ('upper', 'legendre')]",DMC_manhattam,49.31
"[('whole', 'chebyshev'), ('upper', 'chebyshev')]",KNN_euclidean,44.97
"[('whole', 'chebyshev'), ('upper', 'zernike')]",DMC_manhattam,61.15
"[('whole', 'chebyshev'), ('lower', 'husiq')]",KNN_euclidean,43.89
"[('whole', 'chebyshev'), ('lower', 'hututu')]",KNN_euclidean,41.62
"[('whole', 'chebyshev'), ('lower', 'hu1980')]",KNN_euclidean,41.78
"[('whole', 'chebyshev'), ('lower', 'legendre')]",KNN_euclidean,40.32
"[('whole', 'chebyshev'), ('lower', 'chebyshev')]",KNN_manhattam,39.97
"[('whole', 'chebyshev'), ('lower', 'zernike')]",DMC_manhattam,49.35
"[('whole', 'zernike'), ('upper', 'husiq')]",KNN_euclidean,53.54
"[('whole', 'zernike'), ('upper', 'hututu')]",KNN_euclidean,54.3
"[('whole', 'zernike'), ('upper', 'hu1980')]",KNN_euclidean,53.27
"[('whole', 'zernike'), ('upper', 'legendre')]",KNN_euclidean,58.61
"[('whole', 'zernike'), ('upper', 'chebyshev')]",KNN_euclidean,55.65
"[('whole', 'zernike'), ('upper', 'zernike')]",KNN_euclidean,60.38
"[('whole', 'zernike'), ('lower', 'husiq')]",KNN_euclidean,52.19
"[('whole', 'zernike'), ('lower', 'hututu')]",KNN_euclidean,50.81
"[('whole', 'zernike'), ('lower', 'hu1980')]",KNN_euclidean,52.88
"[('whole', 'zernike'), ('lower', 'legendre')]",KNN_euclidean,52.65
"[('whole', 'zernike'), ('lower', 'chebyshev')]",KNN_euclidean,53.57
"[('whole', 'zernike'), ('lower', 'zernike')]",KNN_euclidean,53.65
"[('upper', 'husiq'), ('upper', 'hututu')]",KNN_euclidean,21.64
"[('upper', 'husiq'), ('upper', 'hu1980')]",KNN_euclidean,15.91
"[('upper', 'husiq'), ('upper', 'legendre')]",KNN_euclidean,34.44
"[('upper', 'husiq'), ('upper', 'chebyshev')]",KNN_euclidean,33.9
"[('upper', 'husiq'), ('upper', 'zernike')]",KNN_euclidean,48.96
"[('upper', 'husiq'), ('lower', 'husiq')]",KNN_euclidean,24.33
"[('upper', 'husiq'), ('lower', 'hututu')]",DMC_manhattam,26.25
"[('upper', 'husiq'), ('lower', 'hu1980')]",DMC_manhattam,19.64
"[('upper', 'husiq'), ('lower', 'legendre')]",DMC_manhattam,31.51
"[('upper', 'husiq'), ('lower', 'chebyshev')]",DMC_manhattam,31.32
"[('upper', 'husiq'), ('lower', 'zernike')]",DMC_manhattam,38.66
"[('upper', 'hututu'), ('upper', 'hu1980')]",KNN_euclidean,21.79
"[('upper', 'hututu'), ('upper', 'legendre')]",DMC_manhattam,33.01
"[('upper', 'hututu'), ('upper', 'chebyshev')]",DMC_manhattam,34.05
"[('upper', 'hututu'), ('upper', 'zernike')]",DMC_manhattam,48.65
"[('upper', 'hututu'), ('lower', 'husiq')]",DMC_manhattam,30.9
"[('upper', 'hututu'), ('lower', 'hututu')]",DMC_manhattam,33.59
"[('upper', 'hututu'), ('lower', 'hu1980')]",DMC_manhattam,26.17
"[('upper', 'hututu'), ('lower', 'legendre')]",DMC_manhattam,36.32
"[('upper', 'hututu'), ('lower', 'chebyshev')]",DMC_manhattam,36.05
"[('upper', 'hututu'), ('lower', 'zernike')]",DMC_manhattam,44.66
"[('upper', 'hu1980'), ('upper', 'legendre')]",DMC_manhattam,33.86
"[('upper', 'hu1980'), ('upper', 'chebyshev')]",DMC_manhattam,32.21
"[('upper', 'hu1980'), ('upper', 'zernike')]",KNN_euclidean,46.62
"[('upper', 'hu1980'), ('lower', 'husiq')]",KNN_euclidean,18.26
"[('upper', 'hu1980'), ('lower', 'hututu')]",DMC_manhattam,21.83
"[('upper', 'hu1980'), ('lower', 'hu1980')]",KNN_euclidean,10.34
"[('upper', 'hu1980'), ('lower', 'legendre')]",DMC_manhattam,24.48
"[('upper', 'hu1980'), ('lower', 'chebyshev')]",DMC_manhattam,24.83
"[('upper', 'hu1980'), ('lower', 'zernike')]",DMC_manhattam,33.63
"[('upper', 'legendre'), ('upper', 'chebyshev')]",DMC_manhattam,35.43
"[('upper', 'legendre'), ('upper', 'zernike')]",KNN_euclidean,53.42
"[('upper', 'legendre'), ('lower', 'husiq')]",DMC_manhattam,40.62
"[('upper', 'legendre'), ('lower', 'hututu')]",DMC_manhattam,40.7
"[('upper', 'legendre'), ('lower', 'hu1980')]",DMC_manhattam,39.09
"[('upper', 'legendre'), ('lower', 'legendre')]",DMC_manhattam,40.24
"[('upper', 'legendre'), ('lower', 'chebyshev')]",DMC_manhattam,43.04
"[('upper', 'legendre'), ('lower', 'zernike')]",DMC_manhattam,50.58
"[('upper', 'chebyshev'), ('upper', 'zernike')]",KNN_euclidean,51.42
"[('upper', 'chebyshev'), ('lower', 'husiq')]",DMC_manhattam,38.43
"[('upper', 'chebyshev'), ('lower', 'hututu')]",DMC_manhattam,39.12
"[('upper', 'chebyshev'), ('lower', 'hu1980')]",KNN_euclidean,34.7
"[('upper', 'chebyshev'), ('lower', 'legendre')]",DMC_manhattam,38.59
"[('upper', 'chebyshev'), ('lower', 'chebyshev')]",DMC_manhattam,39.74
"[('upper', 'chebyshev'), ('lower', 'zernike')]",DMC_manhattam,49.81
"[('upper', 'zernike'), ('lower', 'husiq')]",KNN_euclidean,52.46
"[('upper', 'zernike'), ('lower', 'hututu')]",DMC_manhattam,53.04
"[('upper', 'zernike'), ('lower', 'hu1980')]",KNN_euclidean,50.0
"[('upper', 'zernike'), ('lower', 'legendre')]",DMC_manhattam,55.11
"[('upper', 'zernike'), ('lower', 'chebyshev')]",DMC_manhattam,54.84
"[('upper', 'zernike'), ('lower', 'zernike')]",DMC_manhattam,57.42
"[('lower', 'husiq'), ('lower', 'hututu')]",KNN_euclidean,20.25
"[('lower', 'husiq'), ('lower', 'hu1980')]",KNN_euclidean,15.22
"[('lower', 'husiq'), ('lower', 'legendre')]",DMC_manhattam,25.1
"[('lower', 'husiq'), ('lower', 'chebyshev')]",KNN_euclidean,26.63
"[('lower', 'husiq'), ('lower', 'zernike')]",DMC_manhattam,34.24
"[('lower', 'hututu'), ('lower', 'hu1980')]",KNN_euclidean,18.79
"[('lower', 'hututu'), ('lower', 'legendre')]",DMC_manhattam,24.44
"[('lower', 'hututu'), ('lower', 'chebyshev')]",DMC_manhattam,26.94
"[('lower', 'hututu'), ('lower', 'zernike')]",DMC_manhattam,36.36
"[('lower', 'hu1980'), ('lower', 'legendre')]",KNN_euclidean,23.6
"[('lower', 'hu1980'), ('lower', 'chebyshev')]",DMC_manhattam,23.9
"[('lower', 'hu1980'), ('lower', 'zernike')]",DMC_manhattam,33.13
"[('lower', 'legendre'), ('lower', 'chebyshev')]",DMC_manhattam,26.36
"[('lower', 'legendre'), ('lower', 'zernike')]",KNN_euclidean,39.05
"[('lower', 'chebyshev'), ('lower', 'zernike')]",DMC_manhattam,38.43
